{
    "mse": 0.1362786709685433,
    "rmse": 0.36915941132327007,
    "null_degrees_of_freedom": 4430,
    "residual_degrees_of_freedom": 4426,
    "residual_deviance": 3737.888990711814,
    "null_deviance": 4964.553571708734,
    "aic": 3747.888990711814,
    "logloss": 0.4217884214299045,
    "auc": 0.8287248475368308,
    "gini": 0.6574496950736617
}
